symbol,price,score,regime,direction,atr,entry_ok,timestamp,volume_spike,price_momentum,trend_strength,filter_score,volume_multiple,momentum_3d_pct,ema_gap_pct,timeframe_aligned,alignment_ratio,momentum_confluence,momentum_ratio,is_premium_symbol,high_quality_signal,stop_loss,take_profit,position_size,risk_reward,stop_loss_percent
TNGX,6.825,2,True,True,0.08578,True,2025-09-15 19:45,True,True,True,3,1.85,7.23,27.38,True,1.0,True,0.67,False,True,6.65,7.17,1165,2.0,2.51
WINA,497.785,2,True,True,2.391511,True,2025-09-15 19:45,True,False,True,2,1.57,0.32,10.44,True,1.0,True,0.67,False,True,493.0,507.35,41,2.0,0.96
BBOT,9.79,3,False,False,0.232945,False,2025-09-15 19:45,False,False,False,0,0.73,-3.18,-3.04,False,0.0,False,0.33,False,False,9.32,10.72,429,2.0,4.76
CCAP,15.505,3,False,True,0.042911,False,2025-09-15 19:45,False,False,False,0,1.28,-0.45,-2.5,False,0.33,False,0.17,False,False,15.42,15.68,2330,2.0,0.55
AVBP,18.955,2,False,False,0.174206,False,2025-09-15 19:45,False,False,False,0,0.78,0.42,-7.68,False,0.0,False,0.33,False,False,18.61,19.65,574,2.0,1.84
BAER,1.803,2,False,False,0.019034,False,2025-09-15 19:45,False,False,False,0,0.94,-4.71,-8.79,False,0.0,False,0.17,False,False,1.76,1.88,5253,2.0,2.11
BCAX,11.38,2,False,False,0.065338,False,2025-09-15 19:45,False,False,False,0,1.0,-4.61,-15.49,False,0.0,False,0.17,False,False,11.25,11.64,1530,2.0,1.15
BWAY,15.17,2,True,True,0.151941,False,2025-09-15 19:45,True,False,True,2,1.63,-5.24,23.43,False,0.67,False,0.33,False,False,14.87,15.78,658,2.0,2.0
FHTX,4.97,2,False,False,0.045016,False,2025-09-15 19:45,False,False,False,0,1.12,-3.11,-0.37,False,0.0,False,0.17,False,False,4.88,5.15,2221,2.0,1.81
FOLD,7.72,2,False,True,0.048291,False,2025-09-15 19:45,False,False,False,0,0.88,-2.64,-7.43,False,0.33,False,0.33,False,False,7.62,7.91,2070,2.0,1.25
FRPT,52.51,2,False,False,0.333507,False,2025-09-15 19:45,False,False,False,0,0.93,-1.76,-28.31,False,0.0,True,0.5,False,False,51.84,53.84,299,2.0,1.27
GAMB,8.045,2,False,False,0.025208,False,2025-09-15 19:45,False,True,False,1,1.03,1.26,-14.47,False,0.0,False,0.33,False,False,7.99,8.15,3966,2.0,0.63
GENK,3.125,2,False,False,0.038837,False,2025-09-15 19:45,True,False,False,1,2.42,-2.23,-30.13,False,0.0,False,0.33,False,False,3.05,3.28,2574,2.0,2.49
GWRS,9.97,2,False,True,0.028393,False,2025-09-15 19:45,False,True,False,1,1.03,2.68,-6.29,False,0.67,True,0.83,False,False,9.91,10.08,3522,2.0,0.57
IMAB,3.615,2,True,False,0.043465,False,2025-09-15 19:45,False,False,True,1,0.94,-13.4,63.72,False,0.33,False,0.17,False,False,3.53,3.79,2300,2.0,2.4
JANX,23.55,2,False,False,0.141635,False,2025-09-15 19:45,False,False,False,0,0.85,-3.09,-20.21,False,0.0,True,0.5,False,False,23.27,24.12,706,2.0,1.2
MVIS,1.145,2,False,True,0.011134,False,2025-09-15 19:45,False,True,False,1,0.7,2.7,-3.78,False,0.67,True,0.67,False,False,1.12,1.19,8981,2.0,1.94
NEXN,9.64,2,True,False,0.04298,False,2025-09-15 19:45,False,False,True,1,0.79,0.94,4.92,False,0.33,False,0.17,False,False,9.55,9.81,2326,2.0,0.89
NMIH,39.03,2,True,False,0.109991,False,2025-09-15 19:45,False,False,True,1,0.91,-1.51,3.15,False,0.33,False,0.0,False,False,38.81,39.47,909,2.0,0.56
NTLA,11.56,2,False,True,0.094898,False,2025-09-15 19:45,False,True,False,1,0.97,2.48,-5.96,False,0.67,True,0.67,False,False,11.37,11.94,1053,2.0,1.64
NVX,1.24,2,False,False,0.016678,False,2025-09-15 19:45,True,False,False,1,1.92,-3.15,-6.71,False,0.0,False,0.33,False,False,1.21,1.31,5996,2.0,2.69
NYXH,4.82,2,False,False,0.054046,False,2025-09-15 19:45,True,False,False,1,1.99,-14.36,-15.03,False,0.0,False,0.33,False,False,4.71,5.04,1850,2.0,2.24
OCS,17.49,2,False,True,0.080621,False,2025-09-15 19:45,False,False,False,0,0.95,0.64,0.5,False,0.67,True,0.83,False,False,17.33,17.81,1240,2.0,0.92
PHAR,13.89,2,True,True,0.335957,False,2025-09-15 19:15,False,True,True,2,1.18,2.81,19.95,False,0.67,False,0.33,False,False,13.22,15.23,297,2.0,4.84
RCMT,26.589,2,True,True,0.156023,False,2025-09-15 19:45,False,False,True,1,0.69,-0.11,12.86,False,0.67,False,0.33,False,False,26.28,27.21,640,2.0,1.17
RNA,40.2,2,True,False,0.581226,False,2025-09-15 19:45,False,False,True,1,1.01,-13.32,15.59,False,0.33,False,0.17,False,False,39.04,42.52,172,2.0,2.89
SAMG,16.045,2,True,False,0.048253,False,2025-09-15 19:45,False,True,False,1,0.91,2.26,0.93,False,0.33,True,0.5,False,False,15.95,16.24,2072,2.0,0.6
SOUN,14.2,2,True,True,0.159927,False,2025-09-15 19:45,False,False,True,1,0.97,1.0,17.33,False,0.67,False,0.33,False,False,13.88,14.84,625,2.0,2.25
TACT,4.58,2,True,True,0.025653,False,2025-09-15 19:45,False,False,True,1,1.0,-1.29,4.16,False,0.67,False,0.33,False,False,4.53,4.68,3898,2.0,1.12
ULBI,6.83,2,False,False,0.052168,False,2025-09-15 19:45,True,True,False,2,1.66,1.94,-1.69,False,0.0,True,0.67,False,False,6.73,7.04,1916,2.0,1.53
WRD,10.321,2,False,True,0.083208,False,2025-09-15 19:45,True,True,False,2,2.6,10.49,-18.83,False,0.67,True,0.5,False,False,10.15,10.65,1201,2.0,1.61
ACRV,1.525,1,False,True,0.016689,False,2025-09-15 19:45,False,False,False,0,0.1,-7.36,-52.21,False,0.33,True,0.5,False,False,1.49,1.59,5991,2.0,2.19
ABP,0.182,1,False,False,0.001893,False,2025-09-15 19:45,False,True,False,1,0.59,8.33,-86.6,False,0.33,False,0.33,False,False,0.18,0.19,52838,2.0,2.08
ADMA,15.3,1,False,False,0.094476,False,2025-09-15 19:45,False,False,False,0,0.98,-2.92,-1.92,False,0.0,False,0.17,False,False,15.11,15.68,1058,2.0,1.23
ACMR,29.84,1,True,True,0.153594,False,2025-09-15 19:45,False,True,True,2,0.72,6.31,11.17,True,1.0,True,0.67,False,False,29.53,30.45,651,2.0,1.03
ACTU,6.98,1,False,False,0.07908,False,2025-09-15 19:45,False,True,False,1,0.9,1.74,-3.32,False,0.33,True,0.5,False,False,6.82,7.3,1264,2.0,2.27
ACIU,2.5,1,True,True,0.023543,False,2025-09-15 19:45,False,True,False,1,0.72,3.33,-5.14,True,1.0,True,0.5,False,False,2.45,2.59,4247,2.0,1.88
ACET,0.8028,1,False,True,0.011656,False,2025-09-15 19:45,False,False,False,0,0.71,-0.12,-14.97,False,0.33,False,0.33,False,False,0.78,0.85,8579,2.0,2.9
ABVX,85.86,1,True,True,0.551186,False,2025-09-15 19:45,False,False,True,1,0.72,-2.01,112.53,True,1.0,True,0.5,False,False,84.76,88.06,181,2.0,1.28
AIP,8.93,1,True,False,0.049455,False,2025-09-15 19:45,False,True,True,2,0.69,3.12,6.17,False,0.67,True,0.83,False,False,8.83,9.13,2022,2.0,1.11
AIOT,5.265,1,True,True,0.043772,False,2025-09-15 19:45,False,True,False,1,1.19,5.2,-7.88,True,1.0,True,0.5,False,False,5.18,5.44,2284,2.0,1.66
AIRO,20.25,1,False,False,0.16503,False,2025-09-15 19:45,False,True,False,1,0.55,4.02,-5.06,False,0.5,True,0.83,False,False,19.92,20.91,605,2.0,1.63
ALT,3.595,1,False,False,0.023685,False,2025-09-15 19:45,False,False,False,0,1.07,-2.18,-24.95,False,0.0,False,0.0,False,False,3.55,3.69,4222,2.0,1.32
AMTX,2.22,1,False,False,0.016348,False,2025-09-15 19:45,False,True,False,1,0.7,3.72,0.25,False,0.33,False,0.33,False,False,2.19,2.29,6116,2.0,1.47
AISP,5.5,1,True,True,0.058569,False,2025-09-15 19:45,True,True,True,3,1.4,17.85,3.45,True,1.0,True,0.67,False,False,5.38,5.73,1707,2.0,2.13
ANTA,11.75,1,False,False,0.092587,False,2025-09-15 18:45,False,False,False,0,0.38,-3.5,-1.11,False,0.0,False,0.17,False,False,11.56,12.12,1080,2.0,1.58
ANIP,98.84,1,True,True,0.371803,False,2025-09-15 19:45,False,True,True,2,0.84,1.39,19.4,True,1.0,False,0.33,False,False,98.1,100.33,268,2.0,0.75
AQST,5.135,1,True,True,0.047502,False,2025-09-15 19:45,False,True,True,2,0.49,5.33,13.18,True,1.0,False,0.17,False,False,5.04,5.33,2105,2.0,1.85
ARCT,18.14,1,True,True,0.150482,False,2025-09-15 19:45,False,False,False,0,0.87,0.78,0.1,True,1.0,True,0.67,False,False,17.84,18.74,664,2.0,1.66
APGE,36.88,1,False,False,0.25556,False,2025-09-15 19:45,False,False,False,0,0.86,-1.68,-6.27,False,0.0,True,0.67,False,False,36.37,37.9,391,2.0,1.39
APPF,280.34,1,True,True,0.866837,False,2025-09-15 19:45,False,True,True,2,1.03,1.26,9.85,True,1.0,True,0.83,False,False,278.61,283.81,115,2.0,0.62
ARDX,6.53,1,True,True,0.032584,False,2025-09-15 19:45,False,False,True,1,0.87,-1.66,8.47,False,0.67,True,0.5,False,False,6.46,6.66,3068,2.0,1.0
ARQ,7.395,1,True,True,0.03415,False,2025-09-15 19:45,False,True,True,2,0.87,6.17,12.51,True,1.0,True,0.67,False,False,7.33,7.53,2928,2.0,0.92
ARTV,2.33,1,False,False,0.037971,False,2025-09-15 19:45,False,False,False,0,1.17,-12.96,-38.81,False,0.0,False,0.0,False,False,2.25,2.48,2633,2.0,3.26
ATAI,4.66,1,True,True,0.035552,False,2025-09-15 19:45,False,False,True,1,0.76,-1.48,50.43,True,1.0,True,0.67,False,False,4.59,4.8,2812,2.0,1.53
ATRC,34.6,1,True,False,0.211561,False,2025-09-15 19:45,False,False,True,1,1.28,-1.48,5.01,False,0.33,False,0.0,False,False,34.18,35.45,472,2.0,1.22
AURA,5.955,1,False,False,0.043007,False,2025-09-15 19:45,False,False,False,0,0.95,-7.3,-5.59,False,0.0,False,0.0,False,False,5.87,6.13,2325,2.0,1.44
ATXS,7.39,1,True,True,0.079688,False,2025-09-15 19:45,False,False,False,0,1.14,-1.6,-4.45,False,0.67,True,0.67,False,False,7.23,7.71,1254,2.0,2.16
AVDL,15.185,1,True,True,0.107845,False,2025-09-15 19:45,False,False,True,1,0.82,-3.92,16.51,False,0.67,False,0.33,False,False,14.97,15.62,927,2.0,1.42
AVR,5.81,1,True,True,0.094335,False,2025-09-15 19:45,True,True,False,2,1.79,20.75,-10.94,True,1.0,True,0.67,False,False,5.62,6.19,1060,2.0,3.25
AUPH,12.815,1,True,True,0.063144,False,2025-09-15 19:45,False,True,True,2,0.7,4.83,22.88,True,1.0,True,0.67,False,False,12.69,13.07,1583,2.0,0.99
AXSM,116.78,1,True,False,0.461573,False,2025-09-15 19:45,False,False,True,1,0.69,-5.92,7.22,False,0.33,False,0.0,False,False,115.86,118.63,216,2.0,0.79
BBNX,25.295,1,True,True,0.286862,False,2025-09-15 19:45,False,True,False,1,1.13,1.77,2.33,False,0.5,False,0.17,False,False,24.72,26.44,348,2.0,2.27
BLBD,56.23,1,True,True,0.260375,False,2025-09-15 19:45,False,False,True,1,0.99,-2.02,17.46,False,0.67,False,0.0,False,False,55.71,57.27,384,2.0,0.93
BITF,2.48,1,True,True,0.050238,False,2025-09-15 19:45,True,True,False,2,2.28,41.71,0.78,True,1.0,True,0.67,False,False,2.38,2.68,1990,2.0,4.05
BEEP,3.27,1,False,False,0.050877,False,2025-09-15 19:45,True,False,False,1,2.59,-8.1,-0.41,False,0.0,False,0.0,False,False,3.17,3.47,1965,2.0,3.11
BLZE,9.775,1,True,True,0.052687,False,2025-09-15 19:45,False,False,True,1,0.8,-0.41,15.59,True,1.0,False,0.17,False,False,9.67,9.99,1898,2.0,1.08
BWMN,41.8,1,True,True,0.125375,False,2025-09-15 19:45,False,True,True,2,1.0,2.58,23.56,True,1.0,True,0.67,False,False,41.55,42.3,797,2.0,0.6
BTMD,3.445,1,False,True,0.016397,False,2025-09-15 19:45,False,True,False,1,0.83,4.86,-16.31,False,0.67,True,0.5,False,False,3.41,3.51,6098,2.0,0.95
BZAI,3.24,1,False,False,0.026181,False,2025-09-15 19:45,False,False,False,0,0.58,-2.99,-29.41,False,0.0,False,0.17,False,False,3.19,3.34,3819,2.0,1.62
CADL,4.845,1,False,False,0.029778,False,2025-09-15 19:45,False,False,False,0,0.85,0.0,-5.29,False,0.33,True,0.5,False,False,4.79,4.96,3358,2.0,1.23
CAN,0.8155,1,False,True,0.006199,False,2025-09-15 19:45,False,True,False,1,1.01,8.34,-22.64,False,0.67,True,0.5,False,False,0.8,0.84,16131,2.0,1.52
CAMT,87.66,1,True,True,0.383177,False,2025-09-15 19:45,False,True,True,2,0.95,7.93,4.19,True,1.0,True,0.5,False,False,86.89,89.19,260,2.0,0.87
CERS,1.205,1,False,False,0.010182,False,2025-09-15 19:45,False,True,False,1,0.67,1.69,-10.8,False,0.0,False,0.17,False,False,1.18,1.25,9821,2.0,1.69
CDZI,3.84,1,True,True,0.029351,False,2025-09-15 19:45,False,True,False,1,0.69,6.94,1.71,True,1.0,True,0.5,False,False,3.78,3.96,3406,2.0,1.53
CLYM,2.05,1,False,False,0.028766,False,2025-09-15 19:45,True,False,False,1,1.48,-14.29,-9.89,False,0.0,False,0.0,False,False,1.99,2.17,3476,2.0,2.81
CLLS,2.99,1,True,True,0.03706,False,2025-09-15 19:45,False,False,True,1,1.0,-1.97,24.67,False,0.67,False,0.33,False,False,2.92,3.14,2698,2.0,2.48
CHRS,1.275,1,True,True,0.01238,False,2025-09-15 19:45,False,False,False,0,0.85,-3.05,0.22,False,0.67,True,0.5,False,False,1.25,1.32,8077,2.0,1.94
CNTB,1.6,1,True,False,0.024269,False,2025-09-15 19:45,False,False,True,1,0.62,-9.09,28.84,False,0.33,True,0.5,False,False,1.55,1.7,4120,2.0,3.03
CMPO,19.535,1,True,True,0.078186,False,2025-09-15 19:45,False,True,True,2,0.67,1.4,24.95,True,1.0,True,1.0,False,False,19.38,19.85,1279,2.0,0.8
CRSP,57.88,1,True,True,0.402283,False,2025-09-15 19:45,False,True,True,2,1.22,11.64,10.3,True,1.0,True,0.67,False,False,57.08,59.49,248,2.0,1.39
CRMD,12.645,1,True,False,0.103489,False,2025-09-15 19:45,False,False,True,1,0.39,-1.09,15.63,False,0.33,False,0.0,False,False,12.44,13.06,966,2.0,1.64
CRVS,5.88,1,True,True,0.042024,False,2025-09-15 19:45,False,False,True,1,1.01,-0.84,11.18,True,1.0,True,0.67,False,False,5.8,6.05,2379,2.0,1.43
CSTL,21.62,1,True,False,0.150309,False,2025-09-15 19:45,True,False,False,1,1.53,-5.75,-3.73,False,0.33,True,0.5,False,False,21.32,22.22,665,2.0,1.39
CZWI,16.27,1,True,True,0.046829,False,2025-09-15 19:45,False,False,True,1,0.71,-1.03,6.12,False,0.67,False,0.17,False,False,16.18,16.46,2135,2.0,0.58
DIBS,2.79,1,False,True,0.025767,False,2025-09-15 19:45,False,False,False,0,0.72,1.09,-13.17,False,0.67,False,0.33,False,False,2.74,2.89,3880,2.0,1.85
DOMO,17.3,1,True,True,0.125729,False,2025-09-15 19:45,False,True,True,2,0.79,11.03,27.28,True,1.0,False,0.33,False,False,17.05,17.8,795,2.0,1.45
DAVE,218.48,1,True,True,1.669032,False,2025-09-15 19:45,False,True,True,2,1.04,2.18,32.88,False,0.67,False,0.33,False,False,215.14,225.16,59,2.0,1.53
ECX,1.82,1,True,True,0.016478,False,2025-09-15 19:45,False,True,False,1,0.43,5.81,-3.71,True,1.0,True,0.5,False,False,1.79,1.89,6068,2.0,1.81
ETNB,8.03,1,False,False,0.050968,False,2025-09-15 19:45,False,False,False,0,0.71,-5.87,2.17,False,0.0,True,0.5,False,False,7.93,8.23,1962,2.0,1.27
EH,16.95,1,False,True,0.091411,False,2025-09-15 19:45,False,True,False,1,1.06,7.83,-2.0,False,0.67,True,0.83,False,False,16.77,17.32,1093,2.0,1.08
EOLS,6.635,1,False,False,0.069586,False,2025-09-15 19:45,True,False,False,1,1.79,-9.8,-22.61,False,0.0,False,0.0,False,False,6.5,6.91,1437,2.0,2.1
EVER,24.27,1,True,True,0.122813,False,2025-09-15 19:45,False,True,True,2,0.83,4.43,3.1,False,0.67,False,0.33,False,False,24.02,24.76,814,2.0,1.01
EYPT,13.42,1,True,True,0.122231,False,2025-09-15 19:45,False,False,True,1,0.9,-1.03,18.51,True,1.0,True,0.67,False,False,13.18,13.91,818,2.0,1.82
FINW,19.34,1,True,True,0.200554,False,2025-09-15 19:30,False,True,True,2,0.69,1.67,10.34,False,0.67,False,0.33,False,False,18.94,20.14,498,2.0,2.07
FIVN,25.795,1,False,False,0.1759,False,2025-09-15 19:45,False,True,False,1,0.99,2.04,-13.08,False,0.0,False,0.17,False,False,25.44,26.5,568,2.0,1.36
FRBA,16.577,1,True,True,0.034913,False,2025-09-15 19:45,False,False,True,1,0.79,-0.6,6.64,False,0.67,True,0.67,False,False,16.51,16.72,2864,2.0,0.42
FULC,7.08,1,True,True,0.056992,False,2025-09-15 19:45,False,False,True,1,1.04,1.14,14.78,True,1.0,True,0.67,False,False,6.97,7.31,1754,2.0,1.61
FUTU,180.67,1,True,True,0.756759,False,2025-09-15 19:45,False,False,True,1,1.29,-0.45,33.24,False,0.67,True,0.5,False,False,179.16,183.7,132,2.0,0.84
GAIA,6.11,1,True,True,0.056047,False,2025-09-15 19:45,False,True,True,2,0.72,5.83,7.63,True,1.0,True,0.5,False,False,6.0,6.33,1784,2.0,1.83
GANX,1.63,1,False,False,0.019433,False,2025-09-15 19:45,False,False,False,0,0.72,-5.2,-8.11,False,0.0,False,0.0,False,False,1.59,1.71,5145,2.0,2.38
GDS,37.19,1,True,True,0.245875,False,2025-09-15 19:45,False,True,True,2,1.17,11.04,18.84,True,1.0,True,0.67,False,False,36.7,38.17,406,2.0,1.32
GCT,31.24,1,True,True,0.246451,False,2025-09-15 19:45,False,True,True,2,1.29,10.67,16.94,True,1.0,True,0.67,False,False,30.75,32.23,405,2.0,1.58
GHRS,13.18,1,True,False,0.156214,False,2025-09-15 19:45,True,True,True,3,1.35,1.71,10.84,False,0.67,True,0.67,False,False,12.87,13.8,640,2.0,2.37
GPCR,20.17,1,False,True,0.189157,False,2025-09-15 19:45,False,False,False,0,0.55,-3.3,-17.05,False,0.33,False,0.17,False,False,19.79,20.93,528,2.0,1.88
HRMY,32.5,1,False,False,0.148736,False,2025-09-15 19:45,False,False,True,1,0.87,-2.14,2.52,False,0.0,True,0.67,False,False,32.2,33.09,672,2.0,0.92
HLMN,9.77,1,True,True,0.03586,False,2025-09-15 19:45,False,False,True,1,0.58,-0.1,3.17,True,1.0,True,0.67,False,False,9.7,9.91,2788,2.0,0.73
HROW,42.85,1,True,True,0.486783,False,2025-09-15 19:45,True,True,True,3,2.39,10.16,12.16,True,1.0,True,0.67,False,False,41.88,44.8,205,2.0,2.27
GUTS,0.982,1,False,False,0.01736,False,2025-09-15 19:45,True,False,False,1,2.4,-0.81,-33.07,False,0.0,False,0.33,False,False,0.95,1.05,5760,2.0,3.54
IDN,5.6,1,True,True,0.034656,False,2025-09-15 19:45,False,True,True,2,0.74,3.33,26.15,True,1.0,True,0.5,False,False,5.53,5.74,2885,2.0,1.24
IMMP,1.7303,1,False,True,0.012169,False,2025-09-15 19:45,False,True,False,1,0.94,6.13,-7.51,False,0.67,True,0.67,False,False,1.71,1.78,8217,2.0,1.41
III,5.375,1,True,True,0.015808,False,2025-09-15 19:45,False,True,True,2,1.02,2.88,15.97,True,1.0,False,0.33,False,False,5.34,5.44,6326,2.0,0.59
INV,6.75,1,False,True,0.091479,False,2025-09-15 19:45,True,True,False,2,1.4,20.14,-23.85,False,0.67,True,0.5,False,False,6.57,7.12,1093,2.0,2.71
IMRX,7.86,1,True,True,0.118381,False,2025-09-15 19:45,False,False,True,1,0.63,-3.44,60.25,False,0.67,False,0.33,False,False,7.62,8.33,844,2.0,3.01
INOD,65.73,1,True,True,0.680223,False,2025-09-15 19:45,False,True,True,2,1.04,12.93,14.43,True,1.0,False,0.33,False,False,64.37,68.45,147,2.0,2.07
IRMD,71.66,1,True,True,0.3284,False,2025-09-15 19:45,False,False,True,1,1.09,0.13,14.92,False,0.67,True,0.67,False,False,71.0,72.97,304,2.0,0.92
IRON,59.91,1,True,False,0.322198,False,2025-09-15 19:45,False,False,True,1,0.93,-0.07,8.95,False,0.67,True,0.83,False,False,59.27,61.2,310,2.0,1.08
IVA,5.35,1,True,True,0.052688,False,2025-09-15 19:15,False,False,True,1,0.36,-3.98,27.22,False,0.67,False,0.33,False,False,5.24,5.56,1897,2.0,1.97
ISTR,22.79,1,True,True,0.073315,False,2025-09-15 19:45,False,False,True,1,0.78,-0.35,9.75,False,0.67,True,0.67,False,False,22.64,23.08,1363,2.0,0.64
KIDS,19.6,1,False,False,0.157805,False,2025-09-15 19:45,True,True,False,2,1.36,1.4,-8.75,False,0.0,False,0.0,False,False,19.28,20.23,633,2.0,1.61
KALV,13.63,1,True,False,0.112369,False,2025-09-15 19:45,False,False,True,1,0.43,-11.5,10.41,False,0.33,True,0.5,False,False,13.41,14.08,889,2.0,1.65
KLRS,3.71,1,False,True,0.069187,False,2025-09-15 19:45,False,False,False,0,0.13,-18.46,-48.5,False,0.33,True,0.5,False,False,3.57,3.99,1445,2.0,3.73
KRUS,80.24,1,True,False,0.5339,False,2025-09-15 19:45,False,False,True,1,0.8,0.93,3.94,False,0.33,False,0.17,False,False,79.17,82.38,187,2.0,1.33
KYMR,47.27,1,True,True,0.244557,False,2025-09-15 19:45,False,True,True,2,0.99,8.74,6.95,True,1.0,True,0.5,False,False,46.78,48.25,408,2.0,1.03
LFMD,5.835,1,False,False,0.035296,False,2025-09-15 19:45,False,False,False,0,0.74,-2.02,-3.33,False,0.0,False,0.33,False,False,5.76,5.98,2833,2.0,1.21
LAKE,14.5,1,False,False,0.071635,False,2025-09-15 19:45,False,True,False,1,0.94,5.0,-14.13,False,0.33,True,0.67,False,False,14.36,14.79,1395,2.0,0.99
LGND,165.73,1,True,True,0.632487,False,2025-09-15 19:45,True,False,True,2,1.59,-0.27,20.32,True,1.0,True,0.83,False,False,164.47,168.26,158,2.0,0.76
LNTH,51.73,1,False,False,0.229381,False,2025-09-15 19:45,False,False,False,0,1.13,-1.45,-20.56,False,0.0,False,0.0,False,False,51.27,52.65,435,2.0,0.89
LRMR,3.965,1,True,True,0.039398,False,2025-09-15 19:45,False,False,False,0,0.85,-1.0,-5.26,False,0.67,True,0.5,False,False,3.89,4.12,2538,2.0,1.99
LOVE,17.74,1,False,False,0.144522,False,2025-09-15 19:45,False,False,False,0,0.85,-14.6,-8.57,False,0.0,False,0.17,False,False,17.45,18.32,691,2.0,1.63
LWAY,33.6932,1,True,True,0.181943,False,2025-09-15 19:45,False,True,True,2,1.18,4.46,15.71,True,1.0,True,0.83,False,False,33.33,34.42,549,2.0,1.08
LXEO,5.37,1,True,True,0.063273,False,2025-09-15 19:45,False,True,False,1,1.06,3.46,-11.89,True,1.0,True,0.5,False,False,5.24,5.62,1580,2.0,2.36
MASS,6.025,1,True,False,0.050581,False,2025-09-15 19:45,False,True,True,2,0.8,5.61,15.7,False,0.67,True,0.67,False,False,5.92,6.23,1977,2.0,1.68
MAZE,23.3,1,True,True,0.325443,False,2025-09-15 19:45,False,True,False,1,0.58,45.13,10.7,True,1.0,True,0.67,False,False,22.65,24.6,307,2.0,2.79
MDB,333.92,1,True,True,1.914312,False,2025-09-15 19:45,True,False,True,2,1.45,-0.27,8.67,False,0.67,False,0.0,False,False,330.09,341.58,52,2.0,1.15
MDWD,17.11,1,False,False,0.107491,False,2025-09-15 19:45,False,False,False,0,0.62,-7.1,-0.56,False,0.0,True,0.5,False,False,16.9,17.54,930,2.0,1.26
MIRM,74.19,1,True,True,0.272123,False,2025-09-15 19:45,False,False,True,1,0.81,-0.93,26.0,False,0.67,True,0.67,False,False,73.65,75.28,367,2.0,0.73
MNKD,5.375,1,True,True,0.048997,False,2025-09-15 19:45,False,False,False,0,0.81,-3.41,-5.27,False,0.67,True,0.5,False,False,5.28,5.57,2040,2.0,1.82
MNOV,1.235,1,False,False,0.007509,False,2025-09-15 19:45,False,False,False,0,0.68,-2.36,-10.12,False,0.0,False,0.17,False,False,1.22,1.27,13317,2.0,1.22
MRAM,7.58,1,True,True,0.092449,False,2025-09-15 19:45,True,True,True,3,4.83,11.91,4.4,True,1.0,True,0.67,False,False,7.4,7.95,1081,2.0,2.44
MRUS,68.09,1,True,True,0.371413,False,2025-09-15 19:45,False,True,True,2,1.18,1.43,17.79,False,0.67,True,0.83,False,False,67.35,69.58,269,2.0,1.09
NAKA,1.24,1,False,False,0.079617,False,2025-09-15 19:45,True,False,True,2,6.15,-74.17,15.16,False,0.0,False,0.17,False,False,1.08,1.56,1256,2.0,12.84
NAMS,24.14,1,True,False,0.225978,False,2025-09-15 19:45,False,False,True,1,0.82,-10.33,10.59,False,0.33,False,0.33,False,False,23.69,25.04,442,2.0,1.87
NB,5.45,1,True,True,0.07945,False,2025-09-15 19:45,True,True,True,3,1.81,21.56,37.34,True,1.0,True,0.5,False,False,5.29,5.77,1258,2.0,2.92
NEUP,12.07,1,True,True,0.29584,False,2025-09-15 19:45,False,False,True,1,1.29,-13.29,31.73,False,0.67,False,0.33,False,False,11.48,13.25,338,2.0,4.9
NGNE,17.43,1,False,False,0.191776,False,2025-09-15 19:45,False,False,False,0,0.57,-6.18,-9.28,False,0.0,False,0.0,False,False,17.05,18.2,521,2.0,2.2
NPCE,9.82,1,False,True,0.055654,False,2025-09-15 19:45,False,True,False,1,0.67,1.55,-9.04,False,0.33,False,0.33,False,False,9.71,10.04,1796,2.0,1.13
NNOX,3.915,1,False,False,0.022551,False,2025-09-15 19:45,False,True,False,1,0.79,3.44,-20.07,False,0.33,True,0.67,False,False,3.87,4.01,4434,2.0,1.15
NRDS,11.05,1,False,True,0.065358,False,2025-09-15 19:45,True,True,False,2,1.39,6.65,-5.3,False,0.67,True,0.83,False,False,10.92,11.31,1530,2.0,1.18
NRIX,8.66,1,False,False,0.070601,False,2025-09-15 19:45,False,False,False,0,1.28,-3.13,-22.45,False,0.0,False,0.0,False,False,8.52,8.94,1416,2.0,1.63
OBIO,2.58,1,False,False,0.022463,False,2025-09-15 19:45,False,False,False,0,1.24,-0.38,-23.09,False,0.0,False,0.17,False,False,2.54,2.67,4451,2.0,1.74
OABI,1.615,1,False,False,0.012404,False,2025-09-15 19:45,True,True,False,2,2.26,2.55,-26.55,False,0.33,True,0.83,False,False,1.59,1.66,8061,2.0,1.54
OCUL,12.53,1,True,True,0.100082,False,2025-09-15 19:45,False,False,True,1,0.84,-3.91,21.77,False,0.67,True,0.67,False,False,12.33,12.93,999,2.0,1.6
ODD,63.67,1,True,True,0.219979,False,2025-09-15 19:45,False,True,True,2,0.89,2.09,11.13,True,1.0,True,0.67,False,False,63.23,64.55,454,2.0,0.69
OKUR,2.38,1,False,False,0.022981,False,2025-09-15 19:45,False,False,False,0,0.41,-4.4,-50.43,False,0.0,True,0.5,False,False,2.33,2.47,4351,2.0,1.93
OLLI,136.29,1,True,True,0.58284,False,2025-09-15 19:45,False,True,True,2,1.14,5.03,11.54,True,1.0,True,0.67,False,False,135.12,138.62,171,2.0,0.86
PAYO,6.48,1,False,False,0.028121,False,2025-09-15 19:45,False,False,False,0,0.86,0.15,-7.0,False,0.0,False,0.0,False,False,6.42,6.59,3556,2.0,0.87
ORKA,15.21,1,True,True,0.086843,False,2025-09-15 19:45,False,False,False,0,0.88,-3.23,0.66,False,0.67,True,0.5,False,False,15.04,15.56,1151,2.0,1.14
PDLB,14.755,1,True,True,0.040314,False,2025-09-15 19:45,False,False,True,1,0.93,0.68,8.96,False,0.67,True,0.67,False,False,14.67,14.92,2480,2.0,0.55
PRCT,38.0,1,False,False,0.312005,False,2025-09-15 19:45,False,True,False,1,0.98,1.33,-20.85,False,0.0,False,0.17,False,False,37.38,39.25,320,2.0,1.64
PMTS,15.24,1,False,False,0.106748,False,2025-09-15 19:45,False,True,False,1,1.09,4.86,-22.43,False,0.33,True,0.83,False,False,15.03,15.67,936,2.0,1.4
PRME,4.01,1,True,True,0.038178,False,2025-09-15 19:45,False,True,True,2,0.82,3.08,12.44,True,1.0,True,0.5,False,False,3.93,4.16,2619,2.0,1.9
PTGX,58.29,1,True,True,0.312782,False,2025-09-15 19:45,False,False,True,1,0.77,1.11,14.08,False,0.67,False,0.33,False,False,57.66,59.54,319,2.0,1.07
QCRH,78.23,1,True,True,0.231873,False,2025-09-15 19:45,True,False,True,2,1.51,0.98,3.28,True,1.0,True,0.67,False,False,77.77,79.16,431,2.0,0.59
PSNL,5.925,1,True,True,0.049523,False,2025-09-15 19:45,False,True,True,2,0.7,10.02,9.18,True,1.0,True,0.67,False,False,5.83,6.12,2019,2.0,1.67
RANI,0.4879,1,False,False,0.005845,False,2025-09-15 19:45,False,False,False,0,0.74,0.41,-51.28,False,0.0,False,0.17,False,False,0.48,0.51,17109,2.0,2.4
RAPP,24.73,1,True,True,0.304121,False,2025-09-15 19:45,False,True,True,2,0.31,10.4,10.67,True,1.0,True,0.5,False,False,24.12,25.95,328,2.0,2.46
RDNT,74.99,1,True,True,0.357725,False,2025-09-15 19:45,True,True,True,3,1.74,5.15,7.37,True,1.0,True,0.5,False,False,74.27,76.42,279,2.0,0.95
RDZN,0.9526,1,False,False,0.011264,False,2025-09-15 19:45,False,False,False,0,1.2,-2.45,-20.89,False,0.0,False,0.0,False,False,0.93,1.0,8878,2.0,2.36
RNAC,9.79,1,False,False,0.121675,False,2025-09-15 19:45,True,False,False,1,1.65,-0.2,-17.9,False,0.0,True,0.5,False,False,9.55,10.28,821,2.0,2.49
RLAY,4.055,1,True,True,0.034397,False,2025-09-15 19:45,True,False,False,1,1.31,0.0,-8.14,True,1.0,True,0.67,False,False,3.99,4.19,2907,2.0,1.7
RZLV,7.73,1,True,True,0.156276,False,2025-09-15 19:45,True,True,True,3,1.38,23.52,5.13,True,1.0,True,0.67,False,False,7.42,8.36,639,2.0,4.04
RYTM,96.01,1,True,False,0.336214,False,2025-09-15 19:45,False,False,True,1,0.66,-4.23,28.68,False,0.33,True,0.67,False,False,95.34,97.35,297,2.0,0.7
SCYX,1.09,1,True,True,0.012969,False,2025-09-15 19:45,False,True,False,1,0.62,5.77,-12.67,False,0.67,True,0.5,False,False,1.06,1.14,7710,2.0,2.38
SEPN,14.49,1,True,True,0.081915,False,2025-09-15 19:45,False,False,False,0,0.64,-1.7,-3.09,True,1.0,True,0.67,False,False,14.33,14.82,1220,2.0,1.13
SEGG,5.4575,1,False,False,0.098723,False,2025-09-15 19:45,False,False,False,0,1.0,-7.76,-14.95,False,0.0,True,0.5,False,False,5.26,5.85,1012,2.0,3.62
SFST,44.42,1,True,True,0.184823,False,2025-09-15 19:45,False,False,True,1,1.15,0.47,11.04,False,0.67,False,0.17,False,False,44.05,45.16,541,2.0,0.83
SERA,3.09,1,False,True,0.025488,False,2025-09-15 19:45,False,False,False,0,0.95,0.98,-27.21,False,0.33,True,0.5,False,False,3.04,3.19,3923,2.0,1.65
SGC,11.18,1,False,False,0.094338,False,2025-09-15 19:45,True,False,False,1,1.52,-4.6,-3.88,False,0.0,False,0.17,False,False,10.99,11.56,1060,2.0,1.69
SHLS,7.075,1,True,True,0.068474,False,2025-09-15 19:45,False,True,True,2,0.77,2.91,11.85,True,1.0,True,0.5,False,False,6.94,7.35,1460,2.0,1.94
SGMT,6.355,1,True,False,0.052755,False,2025-09-15 19:45,True,False,True,2,1.44,-10.8,25.92,False,0.33,False,0.17,False,False,6.25,6.57,1895,2.0,1.66
SION,22.25,1,True,False,0.218174,False,2025-09-15 19:45,False,False,False,0,0.33,-4.94,8.58,False,0.0,False,0.17,False,False,21.81,23.12,458,2.0,1.96
SLN,4.71,1,False,False,0.07215,False,2025-09-15 19:45,False,False,False,0,0.95,-1.66,-23.8,False,0.0,True,0.67,False,False,4.57,5.0,1386,2.0,3.06
SKYE,4.09,1,True,True,0.055106,False,2025-09-15 19:45,True,False,False,1,1.6,-1.45,-3.31,False,0.67,False,0.17,False,False,3.98,4.31,1814,2.0,2.69
SIBN,15.14,1,False,False,0.108477,False,2025-09-15 19:45,True,False,False,1,1.31,-3.32,1.6,False,0.0,False,0.0,False,False,14.92,15.57,921,2.0,1.43
SMMT,18.94,1,False,False,0.162685,False,2025-09-15 19:45,False,True,True,2,0.71,7.58,9.87,False,0.33,True,0.67,False,False,18.61,19.59,614,2.0,1.72
SNWV,35.502,1,True,False,0.290291,False,2025-09-15 19:45,False,False,True,1,0.77,1.14,21.38,False,0.33,False,0.0,False,False,34.92,36.66,344,2.0,1.64
SPWR,1.565,1,False,True,0.011456,False,2025-09-15 19:45,False,True,False,1,0.9,4.67,-3.09,False,0.67,True,0.5,False,False,1.54,1.61,8729,2.0,1.46
SPRY,9.955,1,False,False,0.071465,False,2025-09-15 19:45,False,False,False,0,0.78,-5.14,-0.49,False,0.0,True,0.5,False,False,9.81,10.24,1399,2.0,1.44
STIM,2.8699,1,False,False,0.049009,False,2025-09-15 19:45,True,False,True,2,1.72,-16.81,4.59,False,0.0,False,0.17,False,False,2.77,3.07,2040,2.0,3.42
SUUN,1.765,1,False,False,0.017514,False,2025-09-15 19:45,False,False,False,0,0.75,-5.35,-25.63,False,0.0,False,0.0,False,False,1.73,1.84,5709,2.0,1.98
TARA,3.155,1,False,True,0.018069,False,2025-09-15 19:45,False,True,False,1,0.82,1.61,-6.57,False,0.67,True,0.67,False,False,3.12,3.23,5534,2.0,1.15
TATT,38.64,1,True,True,0.263366,False,2025-09-15 19:45,True,True,True,3,1.36,5.53,19.17,True,1.0,True,0.83,False,False,38.11,39.69,379,2.0,1.36
TBCH,15.26,1,True,True,0.067363,False,2025-09-15 19:45,False,True,False,1,0.84,1.73,1.85,True,1.0,True,0.83,False,False,15.13,15.53,1484,2.0,0.88
TBPH,14.39,1,True,True,0.073631,False,2025-09-15 19:45,False,True,True,2,0.78,5.57,18.01,True,1.0,True,0.83,False,False,14.24,14.68,1358,2.0,1.02
TCRX,1.68,1,False,False,0.020307,False,2025-09-15 19:45,False,False,False,0,1.28,-8.15,-26.76,False,0.0,False,0.0,False,False,1.64,1.76,4924,2.0,2.42
TECX,16.59,1,False,False,0.198027,False,2025-09-15 19:45,False,False,False,0,0.29,-4.16,-12.06,False,0.0,False,0.17,False,False,16.19,17.38,504,2.0,2.39
TKNO,4.53,1,False,True,0.036065,False,2025-09-15 19:45,False,True,False,1,1.21,14.39,-13.33,False,0.67,True,0.83,False,False,4.46,4.67,2772,2.0,1.59
TLSI,4.59,1,False,False,0.045674,False,2025-09-15 19:45,False,False,False,0,0.64,-2.75,-7.29,False,0.0,False,0.33,False,False,4.5,4.77,2189,2.0,1.99
TMDX,114.08,1,True,False,0.623223,False,2025-09-15 19:45,False,True,True,2,0.56,6.03,7.95,False,0.33,False,0.33,False,False,112.83,116.57,160,2.0,1.09
TRVI,8.065,1,True,True,0.104217,False,2025-09-15 19:45,False,False,True,1,0.87,-16.16,24.2,False,0.67,True,0.67,False,False,7.86,8.48,959,2.0,2.58
TRDA,5.04,1,False,False,0.039847,False,2025-09-15 19:45,False,False,False,0,0.78,-3.07,-35.4,False,0.0,False,0.0,False,False,4.96,5.2,2509,2.0,1.58
TVGN,0.8426,1,False,False,0.003751,False,2025-09-15 19:45,False,False,False,0,0.77,-3.55,-14.22,False,0.0,False,0.0,False,False,0.84,0.86,26659,2.0,0.89
TVTX,23.005,1,True,True,0.204664,False,2025-09-15 19:45,False,False,True,1,0.58,-15.75,9.77,False,0.67,True,0.67,False,False,22.6,23.82,488,2.0,1.78
UNTY,52.0,1,True,True,0.173323,False,2025-09-15 19:45,False,False,True,1,0.86,-0.8,11.08,False,0.67,True,0.67,False,False,51.65,52.69,576,2.0,0.67
UPLD,2.54,1,True,True,0.024706,False,2025-09-15 19:45,False,True,False,1,0.62,8.9,-8.72,True,1.0,True,0.67,False,False,2.49,2.64,4047,2.0,1.95
URGN,18.05,1,True,False,0.15759,False,2025-09-15 19:45,False,False,True,1,1.02,-5.49,27.48,False,0.33,False,0.17,False,False,17.73,18.68,634,2.0,1.75
USAR,13.75,1,True,False,0.182888,False,2025-09-15 19:45,True,False,True,2,1.46,-0.94,14.3,False,0.33,False,0.17,False,False,13.38,14.48,546,2.0,2.66
VCEL,31.395,1,False,False,0.228448,False,2025-09-15 19:45,False,False,False,0,1.29,0.35,-14.61,False,0.0,False,0.0,False,False,30.94,32.31,437,2.0,1.46
VCYT,31.88,1,True,True,0.163777,False,2025-09-15 19:45,False,True,False,1,0.72,3.41,-3.57,True,1.0,True,0.67,False,False,31.55,32.54,610,2.0,1.03
VERA,24.25,1,False,True,0.208878,False,2025-09-15 19:45,False,False,False,0,0.76,-0.49,-16.25,False,0.67,True,0.5,False,False,23.83,25.09,478,2.0,1.72
VERI,3.915,1,True,True,0.069244,False,2025-09-15 19:45,False,True,True,2,0.69,7.69,3.36,True,1.0,True,0.83,False,False,3.78,4.19,1444,2.0,3.54
VERX,23.95,1,False,False,0.151578,False,2025-09-15 19:45,False,False,False,0,0.77,0.38,-20.35,False,0.0,True,0.67,False,False,23.65,24.56,659,2.0,1.27
WEST,5.215,1,False,False,0.029209,False,2025-09-15 19:45,False,True,False,1,0.65,3.17,-9.56,False,0.0,True,0.5,False,False,5.16,5.33,3423,2.0,1.12
WLDN,98.72,1,True,False,0.831195,False,2025-09-15 19:45,False,False,True,1,1.15,-2.34,46.22,False,0.33,True,0.67,False,False,97.06,102.04,120,2.0,1.68
VITL,47.05,1,True,False,0.244939,False,2025-09-15 19:45,False,False,True,1,0.56,-0.1,16.94,False,0.33,False,0.0,False,False,46.56,48.03,408,2.0,1.04
WVE,6.97,1,False,False,0.045089,False,2025-09-15 19:45,False,False,False,0,0.41,-5.68,-2.19,False,0.0,True,0.5,False,False,6.88,7.15,2217,2.0,1.29
XENE,35.98,1,True,False,0.140535,False,2025-09-15 19:45,False,False,False,0,0.87,-3.02,-0.02,False,0.33,True,0.67,False,False,35.7,36.54,711,2.0,0.78
XGN,9.27,1,True,False,0.083989,False,2025-09-15 19:45,False,False,True,1,1.0,-3.32,39.56,False,0.33,False,0.0,False,False,9.1,9.61,1190,2.0,1.81
XOMA,37.889,1,True,True,0.23312,False,2025-09-15 19:45,False,True,True,2,0.52,3.5,14.39,True,1.0,True,0.67,False,False,37.42,38.82,428,2.0,1.23
XNCR,8.495,1,False,True,0.069448,False,2025-09-15 19:45,False,True,False,1,1.12,1.56,-29.59,False,0.33,False,0.33,False,False,8.36,8.77,1439,2.0,1.64
ZSPC,1.6,1,False,False,0.020156,False,2025-09-15 19:45,False,False,False,0,0.68,-4.17,-67.89,False,0.0,True,0.5,False,False,1.56,1.68,4961,2.0,2.52
ZLAB,31.92,1,True,False,0.146855,False,2025-09-15 19:45,False,True,True,2,0.47,12.39,6.9,False,0.33,False,0.33,False,False,31.63,32.51,680,2.0,0.92
BHST,9.0815,0,True,True,0.272322,False,2025-09-15 19:15,True,True,True,3,1.88,22.73,14.64,True,1.0,True,0.83,False,False,8.54,10.17,367,2.0,6.0
BRNS,1.05,0,False,False,0.018689,False,2025-09-15 19:45,False,False,True,1,0.91,-4.55,2.58,False,0.0,False,0.0,False,False,1.01,1.12,5350,2.0,3.56
CAMP,2.73,0,False,True,0.090564,False,2025-09-15 19:45,False,False,False,0,0.12,-5.02,-48.8,False,0.33,False,0.33,False,False,2.55,3.09,1104,2.0,6.63
CMBM,0.7116,0,False,False,0.010481,False,2025-09-15 19:45,False,True,False,1,0.34,2.86,-22.62,False,0.0,False,0.17,False,False,0.69,0.75,9541,2.0,2.95
NIPG,1.87,0,False,False,0.022896,False,2025-09-15 19:45,False,False,False,0,0.94,-3.61,-37.29,False,0.0,True,0.5,False,False,1.82,1.96,4367,2.0,2.45
PRTC,15.39,0,False,False,0.252483,False,2025-09-15 19:45,False,False,False,0,0.73,-7.4,-6.33,False,0.0,False,0.0,False,False,14.89,16.4,396,2.0,3.28
SWKH,14.68,0,True,False,0.084522,False,2025-09-15 19:45,False,False,True,1,0.73,-0.2,13.69,False,0.67,True,0.83,False,False,14.51,15.02,1183,2.0,1.15
TELA,1.56,0,False,False,0.022154,False,2025-09-15 19:45,False,False,False,0,0.74,0.64,-17.82,False,0.0,False,0.17,False,False,1.52,1.65,4513,2.0,2.84
USCB,17.22,0,True,True,0.096119,False,2025-09-15 19:45,False,False,False,0,0.49,-0.98,1.91,False,0.67,False,0.33,False,False,17.03,17.6,1040,2.0,1.12
WKEY,5.898,0,True,True,0.086151,False,2025-09-15 19:45,False,True,True,2,1.27,12.95,7.5,True,1.0,True,0.5,False,False,5.73,6.24,1160,2.0,2.92
